<?xml version="1.0" encoding="windows-1251"?>
<messages>
  
    <i>
        <n>current_ver</n>
        <v>Current version:</v>
    </i>
        
    <i>
        <n>last_ver</n>
        <v>Last version:</v>
    </i>
    
    <i>
        <n>update</n>
        <v>Update</v>
    </i>
    
    <i>
        <n>upd_man</n>
        <v>Update manager</v>
    </i>
	
    <i>
        <n>ss_ins</n>
        <v>Successful installation.</v>
    </i>

    <i>
        <n>pr_dwn</n>
        <v>Previous downloads</v>
    </i>

    <i>
        <n>games</n>
        <v>Games</v>
    </i>
	
    <i>
        <n>libr</n>
        <v>Library</v>
    </i>	

    <i>
        <n>language</n>
        <v>Language</v>
    </i>	
	
    <i>
        <n>rpcs_folder</n>
        <v>RPCS3 folder</v>
    </i>

    <i>
        <n>change_folder</n>
        <v>Change folder</v>
    </i>

    <i>
        <n>run</n>
        <v>Run</v>
    </i>	
	
    <i>
        <n>chck_upd</n>
        <v>Check for updates</v>
    </i>		
    
    <i>
        <n>select</n>
        <v>Select</v>
    </i>
</messages>